Date/Time	Lat	Lon
4/2/2014 0:00:00	40.7458	-73.9843
4/2/2014 0:05:00	40.7285	-74.0467
4/2/2014 0:07:00	40.7732	-73.9546
4/2/2014 0:11:00	40.655	-73.9786
4/2/2014 0:21:00	40.7405	-74.004
4/2/2014 0:22:00	40.7519	-73.986
4/2/2014 0:35:00	40.7606	-73.9757
4/2/2014 0:42:00	40.7605	-73.9725
4/2/2014 0:56:00	40.7312	-74.0097
4/2/2014 1:04:00	40.7218	-73.958
4/2/2014 1:15:00	40.7332	-73.9935
4/2/2014 1:35:00	40.7208	-73.9841
4/2/2014 1:49:00	40.7593	-73.9722
4/2/2014 2:15:00	40.7768	-73.9536
4/2/2014 2:19:00	40.7473	-73.9768
4/2/2014 2:33:00	40.7383	-73.9839
4/2/2014 3:18:00	40.7339	-73.9949
4/2/2014 3:33:00	40.7402	-74.0059
4/2/2014 3:43:00	40.7731	-73.9584
4/2/2014 3:49:00	40.6461	-73.7769
4/2/2014 3:56:00	40.7475	-73.9565
4/2/2014 4:18:00	40.7471	-74.0023
4/2/2014 4:22:00	40.7816	-73.956
4/2/2014 4:25:00	40.7788	-73.9481
4/2/2014 4:26:00	40.6948	-74.1779
4/2/2014 4:29:00	40.7583	-73.9665
4/2/2014 4:36:00	40.7258	-73.9877
4/2/2014 4:40:00	40.7655	-73.9932
4/2/2014 4:51:00	40.7863	-73.956
4/2/2014 4:55:00	40.729	-74.0328
4/2/2014 4:58:00	40.7445	-73.9838
4/2/2014 5:06:00	40.7349	-73.9891
4/2/2014 5:10:00	40.7657	-73.9629
4/2/2014 5:12:00	40.645	-73.7818
4/2/2014 5:13:00	40.8092	-73.9539
4/2/2014 5:15:00	40.7337	-74.0016
4/2/2014 5:24:00	40.6725	-73.9578
4/2/2014 5:28:00	40.749	-73.9838
4/2/2014 5:28:00	40.749	-73.9838
4/2/2014 5:29:00	40.7269	-74.0032
4/2/2014 5:29:00	40.7929	-73.9752
4/2/2014 5:31:00	40.7415	-74.0029
4/2/2014 5:32:00	40.7232	-74.409
4/2/2014 5:35:00	40.7651	-73.9614
4/2/2014 5:38:00	40.7617	-73.9998
4/2/2014 5:38:00	40.7341	-74.0096
4/2/2014 5:40:00	40.7508	-74.1797
4/2/2014 5:43:00	40.7222	-73.9834
4/2/2014 5:47:00	40.7957	-73.9743
4/2/2014 5:51:00	40.7751	-73.9773
4/2/2014 5:51:00	40.7054	-74.0077
4/2/2014 5:54:00	40.7375	-74.0357
4/2/2014 5:58:00	40.7803	-73.9597
4/2/2014 6:02:00	40.7695	-73.9601
4/2/2014 6:03:00	40.7492	-73.9766
4/2/2014 6:03:00	40.721	-73.9993
4/2/2014 6:04:00	40.7238	-74.0037
4/2/2014 6:05:00	40.7337	-73.9979
4/2/2014 6:05:00	40.7565	-73.9838
4/2/2014 6:05:00	40.7707	-73.866
4/2/2014 6:05:00	40.7799	-73.9852
4/2/2014 6:06:00	40.8006	-73.9705
4/2/2014 6:06:00	40.7375	-74.0015
4/2/2014 6:08:00	40.771	-73.8659
4/2/2014 6:09:00	40.6914	-73.9843
4/2/2014 6:10:00	40.7141	-74.0413
4/2/2014 6:11:00	40.7236	-74.0109
4/2/2014 6:13:00	40.775	-73.9635
4/2/2014 6:15:00	40.7561	-73.9944
4/2/2014 6:19:00	40.8599	-73.9142
4/2/2014 6:19:00	40.7497	-73.972
4/2/2014 6:20:00	40.7547	-73.9975
4/2/2014 6:23:00	40.7508	-73.9945
4/2/2014 6:23:00	40.7248	-73.9823
4/2/2014 6:24:00	40.7775	-73.9787
4/2/2014 6:24:00	40.7196	-73.9995
4/2/2014 6:25:00	40.762	-73.9677
4/2/2014 6:25:00	40.7248	-73.9843
4/2/2014 6:25:00	40.773	-73.8854
4/2/2014 6:26:00	40.7775	-73.9858
4/2/2014 6:26:00	40.7724	-73.9669
4/2/2014 6:27:00	40.765	-73.9634
4/2/2014 6:27:00	40.7773	-73.9638
4/2/2014 6:27:00	40.7774	-73.9635
4/2/2014 6:27:00	40.7762	-73.9579
4/2/2014 6:30:00	40.7418	-74.0363
4/2/2014 6:30:00	40.7418	-74.0363
4/2/2014 6:34:00	40.7671	-73.9647
4/2/2014 6:34:00	40.7671	-73.9647
4/2/2014 6:34:00	40.7741	-73.9489
4/2/2014 6:34:00	40.7842	-73.9702
4/2/2014 6:35:00	40.7838	-73.9557
4/2/2014 6:38:00	40.7309	-74.0321
4/2/2014 6:38:00	40.7332	-73.9949
4/2/2014 6:40:00	40.7578	-73.9894
4/2/2014 6:41:00	40.7738	-73.9801
4/2/2014 6:42:00	40.7233	-73.9998
4/2/2014 6:42:00	40.7819	-73.9572
4/2/2014 6:43:00	40.7732	-73.9665
4/2/2014 6:43:00	40.7873	-73.9742
4/2/2014 6:45:00	40.726	-74.0007
4/2/2014 6:47:00	40.7737	-73.9487
4/2/2014 6:48:00	40.7725	-73.9627
4/2/2014 6:48:00	40.7511	-73.985
4/2/2014 6:49:00	40.7786	-73.9558
4/2/2014 6:52:00	40.6818	-73.9502
4/2/2014 6:52:00	40.7869	-73.9537
4/2/2014 6:53:00	40.7725	-73.9612
4/2/2014 6:53:00	40.7297	-73.9869
4/2/2014 6:53:00	40.7345	-74.001
4/2/2014 6:55:00	40.7343	-73.9898
4/2/2014 6:56:00	40.7747	-73.9911
4/2/2014 6:57:00	40.7149	-74.0079
4/2/2014 6:57:00	40.7228	-74.0102
4/2/2014 6:58:00	40.7169	-73.9894
4/2/2014 6:59:00	40.8212	-73.862
4/2/2014 6:59:00	40.6232	-74.0331
4/2/2014 6:59:00	40.7494	-74.0246
4/2/2014 7:01:00	40.7337	-74.0044
4/2/2014 7:02:00	40.7382	-74.001
4/2/2014 7:03:00	40.7805	-73.982
4/2/2014 7:04:00	40.7865	-73.9699
4/2/2014 7:05:00	40.7333	-74.0092
4/2/2014 7:05:00	40.709	-74.0166
4/2/2014 7:08:00	40.7607	-73.9981
4/2/2014 7:10:00	40.7732	-73.9449
4/2/2014 7:10:00	40.7759	-73.9089
4/2/2014 7:11:00	40.7797	-73.9878
4/2/2014 7:11:00	40.7924	-73.9678
4/2/2014 7:12:00	40.7591	-73.9939
4/2/2014 7:12:00	40.7591	-73.9939
4/2/2014 7:13:00	40.735	-73.9919
4/2/2014 7:14:00	40.7234	-73.9911
4/2/2014 7:14:00	40.7096	-74.0069
4/2/2014 7:14:00	40.7828	-73.9553
4/2/2014 7:15:00	40.7649	-73.9794
4/2/2014 7:16:00	40.7595	-73.976
4/2/2014 7:17:00	40.7707	-73.9874
4/2/2014 7:17:00	40.7056	-74.0087
4/2/2014 7:17:00	40.7749	-73.9612
4/2/2014 7:18:00	40.8041	-73.9546
4/2/2014 7:19:00	40.7772	-73.9753
4/2/2014 7:19:00	40.7531	-73.9741
4/2/2014 7:20:00	40.777	-73.9522
4/2/2014 7:21:00	40.7584	-73.9671
4/2/2014 7:26:00	40.7366	-73.9888
4/2/2014 7:26:00	40.7372	-73.9864
4/2/2014 7:28:00	40.7459	-74.0076
4/2/2014 7:28:00	40.741	-73.9926
4/2/2014 7:29:00	40.7775	-73.9467
4/2/2014 7:30:00	40.7347	-73.9797
4/2/2014 7:30:00	40.7227	-74.0045
4/2/2014 7:30:00	40.7253	-73.9921
4/2/2014 7:31:00	40.7832	-73.9551
4/2/2014 7:31:00	40.7199	-73.9538
4/2/2014 7:33:00	40.6863	-73.9936
4/2/2014 7:33:00	40.7573	-73.9934
4/2/2014 7:34:00	40.7461	-74.0003
4/2/2014 7:35:00	40.7625	-73.9906
4/2/2014 7:37:00	40.7166	-73.9969
4/2/2014 7:37:00	40.7951	-73.9761
4/2/2014 7:37:00	40.7661	-73.9642
4/2/2014 7:38:00	40.7388	-74.0071
4/2/2014 7:39:00	40.7361	-73.9858
4/2/2014 7:40:00	40.7408	-74.0018
4/2/2014 7:40:00	40.7398	-74.0001
4/2/2014 7:41:00	40.716	-74.0073
4/2/2014 7:41:00	40.7427	-73.9964
4/2/2014 7:41:00	40.7427	-73.9964
4/2/2014 7:41:00	40.7377	-73.9827
4/2/2014 7:42:00	40.7707	-73.9632
4/2/2014 7:42:00	40.7694	-73.9598
4/2/2014 7:43:00	40.7688	-73.9697
4/2/2014 7:43:00	40.7794	-73.9597
4/2/2014 7:43:00	40.7694	-73.9558
4/2/2014 7:44:00	40.7627	-73.9635
4/2/2014 7:44:00	40.7377	-73.9802
4/2/2014 7:44:00	40.7562	-74.0429
4/2/2014 7:44:00	40.7562	-74.0429
4/2/2014 7:46:00	40.7223	-74.0114
4/2/2014 7:49:00	40.7237	-74.0107
4/2/2014 7:50:00	40.7069	-74.0079
4/2/2014 7:51:00	40.731	-73.9796
4/2/2014 7:51:00	40.7229	-74.0033
4/2/2014 7:51:00	40.7817	-73.9721
4/2/2014 7:52:00	40.7364	-73.9797
4/2/2014 7:52:00	40.7272	-73.9796
4/2/2014 7:53:00	40.6678	-73.7958
4/2/2014 7:53:00	40.7256	-73.9898
4/2/2014 7:55:00	40.7749	-73.99
4/2/2014 7:55:00	40.7331	-73.9999
4/2/2014 7:56:00	40.7527	-73.9811
4/2/2014 7:56:00	40.7222	-74.0039
4/2/2014 7:57:00	40.7375	-73.9912
4/2/2014 7:58:00	40.7177	-73.9923
4/2/2014 8:00:00	40.7191	-74.0036
4/2/2014 8:00:00	40.7342	-73.9853
4/2/2014 8:01:00	40.779	-73.9485
4/2/2014 8:04:00	40.5802	-73.9698
4/2/2014 8:06:00	40.7256	-73.9938
4/2/2014 8:06:00	40.7305	-73.9832
4/2/2014 8:06:00	40.7336	-74.0082
4/2/2014 8:07:00	40.7156	-73.9407
4/2/2014 8:07:00	40.7369	-73.9789
4/2/2014 8:08:00	40.7646	-73.9778
4/2/2014 8:10:00	40.762	-73.9714
4/2/2014 8:10:00	40.7196	-73.9895
4/2/2014 8:11:00	40.7666	-73.96
4/2/2014 8:11:00	40.7288	-73.9994
4/2/2014 8:12:00	40.7484	-73.9902
4/2/2014 8:12:00	40.7802	-73.9512
4/2/2014 8:12:00	40.7059	-74.0084
4/2/2014 8:13:00	40.7679	-73.9855
4/2/2014 8:14:00	40.7274	-73.981
4/2/2014 8:15:00	40.777	-73.9498
4/2/2014 8:18:00	40.7328	-73.9856
4/2/2014 8:18:00	40.7739	-73.8727
4/2/2014 8:19:00	40.7015	-73.9826
4/2/2014 8:19:00	40.7044	-74.0144
4/2/2014 8:19:00	40.7261	-74.0005
4/2/2014 8:20:00	40.7349	-73.9772
4/2/2014 8:20:00	40.736	-73.9918
4/2/2014 8:20:00	40.7991	-73.9612
4/2/2014 8:21:00	40.7261	-73.9872
4/2/2014 8:22:00	40.75	-73.9754
4/2/2014 8:24:00	40.7455	-74.0057
4/2/2014 8:25:00	40.7197	-74.0025
4/2/2014 8:26:00	40.776	-73.9603
4/2/2014 8:27:00	40.7189	-74.0024
4/2/2014 8:28:00	40.7716	-73.9865
4/2/2014 8:30:00	40.7621	-73.9875
4/2/2014 8:31:00	40.7117	-74.0069
4/2/2014 8:32:00	40.7093	-74.0177
4/2/2014 8:32:00	40.7834	-73.9783
4/2/2014 8:32:00	40.7187	-74.0052
4/2/2014 8:33:00	40.7666	-73.9707
4/2/2014 8:35:00	40.75	-73.9815
4/2/2014 8:35:00	40.7663	-73.9607
4/2/2014 8:35:00	40.7406	-74.0078
4/2/2014 8:35:00	40.7406	-74.0078
4/2/2014 8:36:00	40.7354	-74.0039
4/2/2014 8:36:00	40.7361	-73.9979
4/2/2014 8:36:00	40.779	-73.9826
4/2/2014 8:37:00	40.7407	-73.9874
4/2/2014 8:38:00	40.7896	-73.9759
4/2/2014 8:39:00	40.7483	-73.9728
4/2/2014 8:39:00	40.733	-73.996
4/2/2014 8:40:00	40.6947	-73.9594
4/2/2014 8:43:00	40.7831	-73.9568
4/2/2014 8:43:00	40.774	-73.9659
4/2/2014 8:43:00	40.7659	-73.9545
4/2/2014 8:44:00	40.7599	-73.9913
4/2/2014 8:46:00	40.7235	-74.0107
4/2/2014 8:46:00	40.7642	-73.9712
4/2/2014 8:48:00	40.6735	-73.9516
4/2/2014 8:48:00	40.7181	-74.0031
4/2/2014 8:49:00	40.7578	-73.989
4/2/2014 8:49:00	40.7747	-73.9603
4/2/2014 8:52:00	40.7412	-74.0034
4/2/2014 8:53:00	40.7519	-73.9937
4/2/2014 8:54:00	40.7527	-73.9857
4/2/2014 8:55:00	40.7543	-73.9755
4/2/2014 8:56:00	40.775	-73.9764
4/2/2014 8:56:00	40.7742	-73.9632
4/2/2014 8:57:00	40.7502	-73.984
4/2/2014 9:00:00	40.8897	-73.903
4/2/2014 9:00:00	40.7056	-74.0063
4/2/2014 9:00:00	40.7505	-73.9946
4/2/2014 9:03:00	40.7515	-73.9784
4/2/2014 9:04:00	40.7507	-74.0034
4/2/2014 9:07:00	40.7301	-74.0415
4/2/2014 9:07:00	40.7301	-74.0415
4/2/2014 9:07:00	40.7684	-73.9599
4/2/2014 9:08:00	40.7181	-73.987
4/2/2014 9:08:00	40.7049	-74.0157
4/2/2014 9:10:00	40.7758	-73.9561
4/2/2014 9:11:00	40.7562	-73.9717
4/2/2014 9:11:00	40.7415	-74.0067
4/2/2014 9:12:00	40.7467	-73.9883
4/2/2014 9:13:00	40.7554	-73.9713
4/2/2014 9:14:00	40.7241	-73.9975
4/2/2014 9:14:00	40.6912	-73.9939
4/2/2014 9:15:00	40.7752	-73.9635
4/2/2014 9:23:00	40.7518	-73.9937
4/2/2014 9:23:00	40.7518	-73.9937
4/2/2014 9:25:00	40.7127	-73.9659
4/2/2014 9:27:00	40.7653	-73.9614
4/2/2014 9:31:00	40.6801	-74.0097
4/2/2014 9:31:00	40.7505	-73.9782
4/2/2014 9:32:00	40.7745	-73.964
4/2/2014 9:32:00	40.7352	-73.9976
4/2/2014 9:33:00	40.74	-74.007
4/2/2014 9:33:00	40.7451	-73.9892
4/2/2014 9:35:00	40.7877	-73.9787
4/2/2014 9:36:00	40.7643	-73.9735
4/2/2014 9:37:00	40.7246	-73.9916
4/2/2014 9:37:00	40.7258	-73.9987
4/2/2014 9:38:00	40.7619	-73.9727
4/2/2014 9:39:00	40.7428	-73.9862
4/2/2014 9:39:00	40.7235	-74.0062
4/2/2014 9:39:00	40.7648	-73.9705
4/2/2014 9:40:00	40.7229	-73.9967
4/2/2014 9:42:00	40.7261	-73.9973
4/2/2014 9:42:00	40.7829	-73.9573
4/2/2014 9:43:00	40.7667	-73.9792
4/2/2014 9:49:00	40.7553	-73.981
4/2/2014 9:51:00	40.7645	-73.9797
4/2/2014 9:51:00	40.7645	-73.9797
4/2/2014 9:52:00	40.7685	-73.8625
4/2/2014 9:54:00	40.7349	-74.0076
4/2/2014 9:55:00	40.7906	-73.9559
4/2/2014 9:56:00	40.7478	-74.0045
4/2/2014 9:56:00	40.7751	-73.9634
4/2/2014 9:57:00	40.7657	-73.972
4/2/2014 10:00:00	40.7595	-73.9854
4/2/2014 10:01:00	40.7258	-73.9949
4/2/2014 10:02:00	40.7539	-73.9954
4/2/2014 10:02:00	40.772	-73.961
4/2/2014 10:03:00	40.7749	-73.9652
4/2/2014 10:03:00	40.7439	-73.9878
4/2/2014 10:03:00	40.7741	-73.9631
4/2/2014 10:03:00	40.7071	-74.0048
4/2/2014 10:03:00	40.7419	-74.0036
4/2/2014 10:04:00	40.7401	-73.9939
4/2/2014 10:07:00	40.7636	-73.9692
4/2/2014 10:07:00	40.8722	-74.0626
4/2/2014 10:08:00	40.7474	-73.9815
4/2/2014 10:08:00	40.7708	-73.8656
4/2/2014 10:08:00	40.7624	-73.9835
4/2/2014 10:09:00	40.7237	-73.9889
4/2/2014 10:09:00	40.7704	-73.8652
4/2/2014 10:09:00	40.7497	-73.9915
4/2/2014 10:10:00	40.7228	-73.9983
4/2/2014 10:10:00	40.7371	-73.9987
4/2/2014 10:13:00	40.7715	-73.9654
4/2/2014 10:13:00	40.7338	-73.9431
4/2/2014 10:15:00	40.7697	-73.9486
4/2/2014 10:16:00	40.7793	-73.9623
4/2/2014 10:16:00	40.7528	-73.9328
4/2/2014 10:16:00	40.7856	-74.0165
4/2/2014 10:16:00	40.7856	-74.0165
4/2/2014 10:17:00	40.7604	-73.9801
4/2/2014 10:18:00	40.805	-73.9668
4/2/2014 10:19:00	40.7446	-73.9876
4/2/2014 10:21:00	40.7871	-73.9776
4/2/2014 10:23:00	40.8551	-73.9322
4/2/2014 10:23:00	40.7338	-74.0046
4/2/2014 10:23:00	40.7989	-73.9414
4/2/2014 10:24:00	40.7605	-73.9855
4/2/2014 10:29:00	40.7718	-73.9634
4/2/2014 10:29:00	40.7555	-73.9771
4/2/2014 10:33:00	40.7644	-73.9714
4/2/2014 10:33:00	40.7442	-73.9833
4/2/2014 10:34:00	40.7363	-74.1654
4/2/2014 10:35:00	40.7267	-73.9957
4/2/2014 10:38:00	40.7619	-73.9665
4/2/2014 10:41:00	40.773	-73.9662
4/2/2014 10:41:00	40.804	-73.9311
4/2/2014 10:42:00	40.7547	-73.9897
4/2/2014 10:42:00	40.7222	-73.9997
4/2/2014 10:44:00	40.7516	-73.9768
4/2/2014 10:45:00	40.779	-73.9581
4/2/2014 10:46:00	40.7369	-74.0076
4/2/2014 10:47:00	40.7827	-73.9798
4/2/2014 10:48:00	40.7219	-74.0022
4/2/2014 10:51:00	40.7607	-73.986
4/2/2014 10:52:00	40.7715	-73.965
4/2/2014 10:53:00	40.7301	-74.0055
4/2/2014 10:53:00	40.752	-73.9936
4/2/2014 10:55:00	40.7336	-73.9959
4/2/2014 10:55:00	40.7575	-73.9756
4/2/2014 10:57:00	40.771	-73.8657
4/2/2014 10:58:00	40.7569	-73.9741
4/2/2014 11:00:00	40.7516	-73.976
4/2/2014 11:00:00	40.7582	-73.9753
4/2/2014 11:01:00	40.7228	-74.0047
4/2/2014 11:02:00	40.7732	-73.8856
4/2/2014 11:02:00	40.7732	-73.8856
4/2/2014 11:03:00	40.714	-74.0095
4/2/2014 11:04:00	40.7631	-73.9823
4/2/2014 11:05:00	40.7795	-73.9736
4/2/2014 11:05:00	40.7736	-73.9637
4/2/2014 11:05:00	40.759	-73.9943
4/2/2014 11:11:00	40.712	-73.9631
4/2/2014 11:12:00	40.7567	-73.984
4/2/2014 11:13:00	40.7646	-73.9666
4/2/2014 11:13:00	40.7549	-73.9728
4/2/2014 11:14:00	40.7092	-74.0163
4/2/2014 11:14:00	40.6948	-74.1777
4/2/2014 11:14:00	40.7598	-73.9845
4/2/2014 11:15:00	40.7573	-73.9667
4/2/2014 11:17:00	40.7239	-73.9966
4/2/2014 11:19:00	40.783	-73.9572
4/2/2014 11:23:00	40.7541	-73.9857
4/2/2014 11:23:00	40.7569	-73.9734
4/2/2014 11:26:00	40.7543	-73.9739
4/2/2014 11:26:00	40.7665	-73.9864
4/2/2014 11:31:00	40.7319	-73.9996
4/2/2014 11:34:00	40.8073	-73.9643
4/2/2014 11:35:00	40.7611	-73.9692
4/2/2014 11:35:00	40.7501	-73.9735
4/2/2014 11:37:00	40.7388	-74.1654
4/2/2014 11:37:00	40.7336	-74.0064
4/2/2014 11:38:00	40.757	-73.9821
4/2/2014 11:41:00	40.7539	-73.9942
4/2/2014 11:41:00	40.7676	-73.9825
4/2/2014 11:42:00	40.7477	-73.9807
4/2/2014 11:42:00	40.7583	-73.9816
4/2/2014 11:45:00	40.7387	-74.0087
4/2/2014 11:46:00	40.6928	-73.9738
4/2/2014 11:46:00	40.7116	-73.9613
4/2/2014 11:47:00	40.7325	-73.9969
4/2/2014 11:47:00	40.7602	-73.9832
4/2/2014 11:49:00	40.754	-73.9801
4/2/2014 11:49:00	40.73	-74.0066
4/2/2014 11:50:00	40.7578	-73.9746
4/2/2014 11:50:00	40.7407	-73.9837
4/2/2014 11:52:00	40.7255	-74.01
4/2/2014 11:53:00	40.7572	-73.9741
4/2/2014 11:54:00	40.7781	-73.9804
4/2/2014 11:55:00	40.705	-74.0113
4/2/2014 11:56:00	40.72	-73.9788
4/2/2014 11:57:00	40.7251	-74.0047
4/2/2014 11:58:00	40.7535	-73.9926
4/2/2014 11:59:00	40.7063	-74.0167
4/2/2014 12:00:00	40.744	-74.001
4/2/2014 12:01:00	40.7593	-73.9685
4/2/2014 12:03:00	40.7549	-73.9803
4/2/2014 12:04:00	40.7742	-73.8723
4/2/2014 12:06:00	40.7075	-74.0056
4/2/2014 12:08:00	40.7249	-74.0078
4/2/2014 12:10:00	40.7795	-73.9614
4/2/2014 12:10:00	40.7795	-73.9614
4/2/2014 12:11:00	40.7609	-73.9712
4/2/2014 12:15:00	40.7741	-73.8726
4/2/2014 12:18:00	40.758	-73.9849
4/2/2014 12:18:00	40.7212	-73.9992
4/2/2014 12:22:00	40.7609	-73.9696
4/2/2014 12:26:00	40.7656	-73.9549
4/2/2014 12:26:00	40.7739	-73.8727
4/2/2014 12:26:00	40.7714	-73.9645
4/2/2014 12:26:00	40.7803	-73.9596
4/2/2014 12:27:00	40.7307	-73.9851
4/2/2014 12:27:00	40.7413	-73.9877
4/2/2014 12:28:00	40.736	-73.9876
4/2/2014 12:34:00	40.7097	-74.0045
4/2/2014 12:35:00	40.7694	-73.9832
4/2/2014 12:35:00	40.7649	-73.9784
4/2/2014 12:36:00	40.7374	-74.0386
4/2/2014 12:37:00	40.83	-73.9719
4/2/2014 12:37:00	40.83	-73.9719
4/2/2014 12:37:00	40.7309	-73.9914
4/2/2014 12:38:00	40.7765	-73.9766
4/2/2014 12:40:00	40.718	-74.0048
4/2/2014 12:41:00	40.7714	-73.9899
4/2/2014 12:41:00	40.7244	-74.0001
4/2/2014 12:42:00	40.728	-74.005
4/2/2014 12:42:00	40.7368	-74.0046
4/2/2014 12:44:00	40.7562	-73.9797
4/2/2014 12:45:00	40.7415	-73.9752
4/2/2014 12:46:00	40.7511	-73.9851
4/2/2014 12:47:00	40.7056	-74.0134
4/2/2014 12:48:00	40.7571	-73.97
4/2/2014 12:51:00	40.7676	-73.9616
4/2/2014 12:51:00	40.7544	-73.9834
4/2/2014 12:53:00	40.7653	-73.9755
4/2/2014 12:55:00	40.7619	-73.9794
4/2/2014 12:56:00	40.7279	-73.9992
4/2/2014 12:56:00	40.7371	-73.9886
4/2/2014 12:57:00	40.7549	-73.9706
4/2/2014 12:59:00	40.7321	-74.0021
4/2/2014 12:59:00	40.772	-73.9597
4/2/2014 12:59:00	40.772	-73.9597
4/2/2014 13:00:00	40.7025	-73.9888
4/2/2014 13:03:00	40.751	-73.9815
4/2/2014 13:03:00	40.7043	-74.0097
4/2/2014 13:05:00	40.7528	-73.985
4/2/2014 13:05:00	40.7565	-73.9676
4/2/2014 13:07:00	40.7508	-74.0036
4/2/2014 13:08:00	40.7728	-73.8856
4/2/2014 13:08:00	40.7458	-73.994
4/2/2014 13:10:00	40.7599	-73.9813
4/2/2014 13:11:00	40.6605	-73.9803
4/2/2014 13:12:00	40.7266	-73.9939
4/2/2014 13:13:00	40.7564	-73.9868
4/2/2014 13:13:00	40.7747	-73.9633
4/2/2014 13:17:00	40.7507	-73.9876
4/2/2014 13:18:00	40.7741	-73.8726
4/2/2014 13:20:00	40.7115	-74.04
4/2/2014 13:21:00	40.7535	-73.9775
4/2/2014 13:21:00	40.7617	-73.9749
4/2/2014 13:22:00	40.7409	-73.9921
4/2/2014 13:23:00	40.7471	-73.9933
4/2/2014 13:24:00	40.7663	-73.9682
4/2/2014 13:24:00	40.7622	-73.9709
4/2/2014 13:25:00	40.6748	-74.0106
4/2/2014 13:26:00	40.7209	-73.9949
4/2/2014 13:27:00	40.8406	-73.9431
4/2/2014 13:30:00	40.7256	-73.9965
4/2/2014 13:32:00	40.7723	-73.9653
4/2/2014 13:32:00	40.7634	-73.9819
4/2/2014 13:34:00	40.7368	-73.9737
4/2/2014 13:34:00	40.8189	-73.9933
4/2/2014 13:36:00	40.7321	-74.0006
4/2/2014 13:37:00	40.7157	-74.0058
4/2/2014 13:37:00	40.7524	-73.9796
4/2/2014 13:41:00	40.7756	-73.9604
4/2/2014 13:41:00	40.7585	-73.6966
4/2/2014 13:42:00	40.7316	-73.9967
4/2/2014 13:43:00	40.7107	-74.0111
4/2/2014 13:43:00	40.751	-73.9823
4/2/2014 13:43:00	40.7145	-74.0814
4/2/2014 13:43:00	40.7145	-74.0814
4/2/2014 13:43:00	40.7586	-73.9688
4/2/2014 13:43:00	40.7296	-73.9846
4/2/2014 13:43:00	40.7569	-73.9733
4/2/2014 13:46:00	40.7798	-73.9503
4/2/2014 13:47:00	40.7748	-73.991
4/2/2014 13:48:00	40.7683	-73.9928
4/2/2014 13:48:00	40.7616	-73.9831
4/2/2014 13:49:00	40.7516	-73.994
4/2/2014 13:50:00	40.6461	-73.7767
4/2/2014 13:51:00	40.7566	-73.9746
4/2/2014 13:52:00	40.7496	-73.9795
4/2/2014 13:57:00	40.7711	-73.9243
4/2/2014 13:58:00	40.7306	-74.0067
4/2/2014 13:59:00	40.7049	-74.0096
4/2/2014 14:01:00	40.716	-74.0123
4/2/2014 14:02:00	40.7216	-74.0083
4/2/2014 14:02:00	40.721	-74.0084
4/2/2014 14:03:00	40.7251	-74.0013
4/2/2014 14:04:00	40.6521	-73.9526
4/2/2014 14:04:00	40.7707	-73.9806
4/2/2014 14:05:00	40.7137	-74.0636
4/2/2014 14:05:00	40.7137	-74.0636
4/2/2014 14:05:00	40.7458	-73.9879
4/2/2014 14:06:00	40.7291	-74.0092
4/2/2014 14:06:00	40.7232	-74.0097
4/2/2014 14:06:00	40.7094	-74.0137
4/2/2014 14:07:00	40.6449	-73.7822
4/2/2014 14:08:00	40.7591	-73.9709
4/2/2014 14:10:00	40.7803	-73.973
4/2/2014 14:11:00	40.7242	-73.9878
4/2/2014 14:11:00	40.7426	-73.9863
4/2/2014 14:11:00	40.7418	-74.0075
4/2/2014 14:12:00	40.7546	-73.9714
4/2/2014 14:12:00	40.894	-73.8186
4/2/2014 14:13:00	40.7627	-73.9821
4/2/2014 14:14:00	40.7791	-73.962
4/2/2014 14:14:00	40.6447	-73.7821
4/2/2014 14:16:00	40.7133	-73.9647
4/2/2014 14:19:00	40.7508	-74.0422
4/2/2014 14:20:00	40.7565	-73.9724
4/2/2014 14:20:00	40.7644	-73.9754
4/2/2014 14:21:00	40.7233	-74.008
4/2/2014 14:21:00	40.7036	-73.9309
4/2/2014 14:22:00	40.716	-74.0499
4/2/2014 14:22:00	40.716	-74.0499
4/2/2014 14:22:00	40.7652	-73.9655
4/2/2014 14:22:00	40.74	-74.0059
4/2/2014 14:24:00	40.6465	-73.7899
4/2/2014 14:24:00	40.7676	-73.9684
4/2/2014 14:24:00	40.7596	-73.9806
4/2/2014 14:26:00	40.7711	-73.9661
4/2/2014 14:26:00	40.7342	-73.985
4/2/2014 14:28:00	40.7145	-74.0119
4/2/2014 14:28:00	40.7271	-74.0054
4/2/2014 14:29:00	40.7696	-73.9662
4/2/2014 14:30:00	40.7586	-73.9863
4/2/2014 14:30:00	40.7259	-73.9974
4/2/2014 14:30:00	40.7715	-73.9678
4/2/2014 14:30:00	40.7443	-73.9888
4/2/2014 14:33:00	40.7388	-74.0056
4/2/2014 14:34:00	40.7788	-73.9822
4/2/2014 14:36:00	40.7412	-74.005
4/2/2014 14:36:00	40.7275	-74.0015
4/2/2014 14:37:00	40.6449	-73.782
4/2/2014 14:38:00	40.7038	-73.9866
4/2/2014 14:40:00	40.7063	-74.009
4/2/2014 14:40:00	40.7743	-73.9543
4/2/2014 14:40:00	40.7726	-73.9613
4/2/2014 14:41:00	40.726	-73.9918
4/2/2014 14:42:00	40.748	-73.985
4/2/2014 14:45:00	40.7341	-73.9951
4/2/2014 14:45:00	40.6449	-73.782
4/2/2014 14:46:00	40.7687	-73.8671
4/2/2014 14:46:00	40.6893	-73.9966
4/2/2014 14:47:00	40.7628	-73.9691
4/2/2014 14:48:00	40.7331	-73.9998
4/2/2014 14:48:00	40.7754	-73.9841
4/2/2014 14:49:00	40.7749	-73.9609
4/2/2014 14:49:00	40.8947	-73.9418
4/2/2014 14:49:00	40.78	-73.9786
4/2/2014 14:50:00	40.7393	-74.0421
4/2/2014 14:50:00	40.7393	-74.0421
4/2/2014 14:51:00	40.7261	-73.9926
4/2/2014 14:51:00	40.81	-73.9513
4/2/2014 14:51:00	40.7492	-74.003
4/2/2014 14:51:00	40.7103	-73.9846
4/2/2014 14:52:00	40.748	-74.0002
4/2/2014 14:52:00	40.7507	-74.0034
4/2/2014 14:52:00	40.7282	-74.0072
4/2/2014 14:53:00	40.8024	-73.9365
4/2/2014 14:53:00	40.7403	-73.9947
4/2/2014 14:54:00	40.762	-73.9684
4/2/2014 14:54:00	40.7494	-74.0031
4/2/2014 14:56:00	40.747	-74.0063
4/2/2014 14:56:00	40.73	-73.9917
4/2/2014 14:57:00	40.7594	-73.9753
4/2/2014 14:57:00	40.7554	-73.9758
4/2/2014 14:58:00	40.8736	-74.0063
4/2/2014 14:58:00	40.7249	-74.0083
4/2/2014 14:59:00	40.7096	-74.015
4/2/2014 15:00:00	40.764	-73.9823
4/2/2014 15:00:00	40.776	-73.9442
4/2/2014 15:03:00	40.7628	-73.9717
4/2/2014 15:06:00	40.743	-73.9846
4/2/2014 15:07:00	40.7468	-74.0078
4/2/2014 15:07:00	40.8378	-73.8346
4/2/2014 15:09:00	40.7629	-73.9737
4/2/2014 15:10:00	40.7201	-74.0054
4/2/2014 15:10:00	40.7642	-73.9921
4/2/2014 15:12:00	40.7528	-73.9776
4/2/2014 15:12:00	40.7814	-73.9803
4/2/2014 15:13:00	40.7579	-73.9728
4/2/2014 15:13:00	40.7223	-74.0038
4/2/2014 15:13:00	40.7161	-74.0119
4/2/2014 15:13:00	40.7554	-73.9748
4/2/2014 15:13:00	40.7328	-73.9815
4/2/2014 15:14:00	40.7419	-73.9852
4/2/2014 15:14:00	40.7571	-73.9836
4/2/2014 15:15:00	40.7732	-73.8856
4/2/2014 15:15:00	40.7732	-73.8856
4/2/2014 15:16:00	40.7607	-73.9847
4/2/2014 15:16:00	40.7604	-73.9759
4/2/2014 15:16:00	40.7731	-73.8854
4/2/2014 15:17:00	40.7618	-73.9665
4/2/2014 15:18:00	40.7521	-73.9855
4/2/2014 15:18:00	40.685	-73.9621
4/2/2014 15:19:00	40.7634	-73.9749
4/2/2014 15:21:00	40.725	-73.9955
4/2/2014 15:22:00	40.7512	-73.9939
4/2/2014 15:22:00	40.7562	-73.9827
4/2/2014 15:23:00	40.7889	-73.981
4/2/2014 15:23:00	40.7413	-73.985
4/2/2014 15:24:00	40.7626	-73.9791
4/2/2014 15:25:00	40.7249	-73.9984
4/2/2014 15:26:00	40.715	-74.006
4/2/2014 15:26:00	40.7448	-74.005
4/2/2014 15:26:00	40.786	-73.9571
4/2/2014 15:26:00	40.6624	-73.9365
4/2/2014 15:27:00	40.7258	-73.9999
4/2/2014 15:27:00	40.7599	-73.9699
4/2/2014 15:27:00	40.7468	-73.9981
4/2/2014 15:28:00	40.7251	-74.0012
4/2/2014 15:28:00	40.7632	-73.9696
4/2/2014 15:29:00	40.7659	-73.9545
4/2/2014 15:29:00	40.7113	-73.9611
4/2/2014 15:29:00	40.7175	-74.0075
4/2/2014 15:30:00	40.7717	-73.9674
4/2/2014 15:30:00	40.7787	-73.9872
4/2/2014 15:31:00	40.7623	-73.9682
4/2/2014 15:32:00	40.7143	-74.014
4/2/2014 15:32:00	40.7747	-73.9643
4/2/2014 15:34:00	40.8039	-73.9582
4/2/2014 15:34:00	40.7194	-74.0043
4/2/2014 15:35:00	40.7508	-73.9785
4/2/2014 15:35:00	40.7296	-73.9932
4/2/2014 15:35:00	40.7419	-73.9749
4/2/2014 15:36:00	40.7601	-73.9697
4/2/2014 15:36:00	40.7569	-73.99
4/2/2014 15:36:00	40.7716	-73.9807
4/2/2014 15:36:00	40.7716	-73.9807
4/2/2014 15:37:00	40.753	-73.9854
4/2/2014 15:37:00	40.74	-73.9853
4/2/2014 15:38:00	40.7186	-73.9604
4/2/2014 15:38:00	40.7539	-73.9894
4/2/2014 15:39:00	40.7693	-73.9823
4/2/2014 15:39:00	40.7402	-73.9905
4/2/2014 15:40:00	40.769	-73.9819
4/2/2014 15:40:00	40.7493	-74.003
4/2/2014 15:41:00	40.7648	-73.9735
4/2/2014 15:41:00	40.7252	-73.9951
4/2/2014 15:42:00	40.7496	-73.9815
4/2/2014 15:42:00	40.7606	-73.9749
4/2/2014 15:43:00	40.756	-73.9705
4/2/2014 15:45:00	40.7622	-73.9704
4/2/2014 15:45:00	40.7622	-73.9704
4/2/2014 15:46:00	40.7599	-73.9784
4/2/2014 15:47:00	40.747	-73.9986
4/2/2014 15:48:00	40.7583	-73.9684
4/2/2014 15:49:00	40.7567	-73.9903
4/2/2014 15:49:00	40.7779	-73.9459
4/2/2014 15:49:00	40.7655	-73.9696
4/2/2014 15:50:00	40.7444	-73.9955
4/2/2014 15:51:00	40.7641	-73.9544
4/2/2014 15:51:00	40.7537	-73.9962
4/2/2014 15:51:00	40.7413	-73.9965
4/2/2014 15:51:00	40.7376	-74.0094
4/2/2014 15:52:00	40.7594	-73.9727
4/2/2014 15:53:00	40.7661	-73.9527
4/2/2014 15:53:00	40.7873	-73.974
4/2/2014 15:53:00	40.7873	-73.974
4/2/2014 15:53:00	40.7636	-73.9735
4/2/2014 15:54:00	40.7622	-73.9745
4/2/2014 15:54:00	40.7538	-73.9743
4/2/2014 15:55:00	40.7287	-73.9878
4/2/2014 15:55:00	40.7668	-73.969
4/2/2014 15:56:00	40.7742	-73.9831
4/2/2014 15:56:00	40.751	-73.9944
4/2/2014 15:59:00	40.7538	-73.9774
4/2/2014 15:59:00	40.7187	-74.0028
4/2/2014 15:59:00	40.7269	-73.9998
4/2/2014 15:59:00	40.7666	-73.9856
4/2/2014 15:59:00	40.7647	-73.9825
4/2/2014 16:00:00	40.7624	-73.9824
4/2/2014 16:00:00	40.7587	-73.9729
4/2/2014 16:00:00	40.7587	-73.9729
4/2/2014 16:02:00	40.7764	-73.9485
4/2/2014 16:02:00	40.7545	-73.9839
4/2/2014 16:02:00	40.7632	-73.9799
4/2/2014 16:02:00	40.7287	-74.0046
4/2/2014 16:03:00	40.774	-73.8734
4/2/2014 16:04:00	40.7691	-73.9878
4/2/2014 16:05:00	40.7527	-73.9932
4/2/2014 16:05:00	40.7397	-74.0061
4/2/2014 16:05:00	40.7064	-74.0078
4/2/2014 16:06:00	40.7524	-73.9795
4/2/2014 16:06:00	40.7195	-74.0364
4/2/2014 16:06:00	40.7195	-74.0364
4/2/2014 16:08:00	40.7519	-73.9907
4/2/2014 16:09:00	40.7575	-73.9899
4/2/2014 16:10:00	40.783	-73.9751
4/2/2014 16:10:00	40.7586	-73.9819
4/2/2014 16:10:00	40.7636	-73.9697
4/2/2014 16:12:00	40.7712	-73.9639
4/2/2014 16:12:00	40.775	-73.9628
4/2/2014 16:12:00	40.775	-73.9628
4/2/2014 16:13:00	40.7384	-73.9856
4/2/2014 16:14:00	40.7606	-73.9736
4/2/2014 16:15:00	40.7407	-74.0056
4/2/2014 16:15:00	40.7658	-73.9629
4/2/2014 16:16:00	40.753	-73.9892
4/2/2014 16:16:00	40.7506	-73.9809
4/2/2014 16:16:00	40.7507	-73.9763
4/2/2014 16:17:00	40.7467	-73.9727
4/2/2014 16:18:00	40.8051	-73.9661
4/2/2014 16:19:00	40.7594	-73.9843
4/2/2014 16:19:00	40.6949	-74.1779
4/2/2014 16:20:00	40.7107	-73.9854
4/2/2014 16:21:00	40.751	-73.9838
4/2/2014 16:21:00	40.7878	-73.955
4/2/2014 16:21:00	40.7711	-73.9638
4/2/2014 16:22:00	40.7683	-73.9567
4/2/2014 16:22:00	40.7251	-74.0077
4/2/2014 16:22:00	40.7398	-73.9908
4/2/2014 16:22:00	40.7686	-73.962
4/2/2014 16:22:00	40.7485	-73.9924
4/2/2014 16:22:00	40.8298	-73.9248
4/2/2014 16:23:00	40.7547	-73.9919
4/2/2014 16:23:00	40.7248	-73.9985
4/2/2014 16:23:00	40.7759	-73.9506
4/2/2014 16:23:00	40.7621	-73.9697
4/2/2014 16:23:00	40.762	-73.9737
4/2/2014 16:24:00	40.7265	-73.9992
4/2/2014 16:24:00	40.7274	-74.008
4/2/2014 16:24:00	40.7739	-73.9456
4/2/2014 16:24:00	40.7583	-73.9732
4/2/2014 16:26:00	40.7246	-73.9914
4/2/2014 16:26:00	40.7537	-73.9743
4/2/2014 16:28:00	40.7538	-73.9924
4/2/2014 16:28:00	40.7327	-74.0046
4/2/2014 16:28:00	40.7265	-74.0074
4/2/2014 16:28:00	40.7265	-74.0074
4/2/2014 16:29:00	40.7381	-73.99
4/2/2014 16:30:00	40.7814	-73.9802
4/2/2014 16:30:00	40.7814	-73.9802
4/2/2014 16:30:00	40.7635	-73.9712
4/2/2014 16:30:00	40.7633	-73.9768
4/2/2014 16:31:00	40.7492	-73.984
4/2/2014 16:32:00	40.7529	-73.9701
4/2/2014 16:32:00	40.7347	-73.9946
4/2/2014 16:32:00	40.7594	-73.9897
4/2/2014 16:33:00	40.803	-73.9677
4/2/2014 16:33:00	40.7534	-73.973
4/2/2014 16:38:00	40.7725	-73.9551
4/2/2014 16:38:00	40.751	-73.9721
4/2/2014 16:38:00	40.7247	-73.9956
4/2/2014 16:39:00	40.7492	-73.9911
4/2/2014 16:40:00	40.7412	-73.9892
4/2/2014 16:41:00	40.7496	-73.9792
4/2/2014 16:41:00	40.7182	-74.0148
4/2/2014 16:42:00	40.7592	-73.9624
4/2/2014 16:42:00	40.7562	-73.9716
4/2/2014 16:43:00	40.7681	-73.9666
4/2/2014 16:43:00	40.7512	-73.9905
4/2/2014 16:44:00	40.7535	-73.9787
4/2/2014 16:44:00	40.7537	-73.9991
4/2/2014 16:44:00	40.7419	-73.9854
4/2/2014 16:44:00	40.7536	-73.9831
4/2/2014 16:45:00	40.7794	-73.981
4/2/2014 16:46:00	40.7602	-73.9772
4/2/2014 16:48:00	40.7394	-73.9938
4/2/2014 16:48:00	40.763	-73.9878
4/2/2014 16:49:00	40.7308	-74.0007
4/2/2014 16:50:00	40.7353	-73.9919
4/2/2014 16:51:00	40.7615	-73.9732
4/2/2014 16:51:00	40.7616	-73.973
4/2/2014 16:51:00	40.7559	-73.9861
4/2/2014 16:51:00	40.7751	-73.9607
4/2/2014 16:52:00	40.7374	-73.9883
4/2/2014 16:52:00	40.7541	-73.9778
4/2/2014 16:53:00	40.7632	-73.979
4/2/2014 16:53:00	40.7256	-74.0056
4/2/2014 16:53:00	40.7638	-73.9758
4/2/2014 16:54:00	40.7219	-74.0027
4/2/2014 16:54:00	40.7553	-73.9838
4/2/2014 16:54:00	40.7651	-73.9824
4/2/2014 16:54:00	40.7479	-74.0068
4/2/2014 16:54:00	40.7517	-73.9765
4/2/2014 16:55:00	40.769	-73.9824
4/2/2014 16:56:00	40.7642	-73.9542
4/2/2014 16:57:00	40.7415	-73.9873
4/2/2014 16:57:00	40.763	-73.9564
4/2/2014 16:58:00	40.7592	-73.9883
4/2/2014 17:00:00	40.7625	-73.981
4/2/2014 17:01:00	40.7574	-73.9862
4/2/2014 17:01:00	40.7605	-73.9821
4/2/2014 17:01:00	40.7518	-73.9758
4/2/2014 17:02:00	40.7174	-74.0027
4/2/2014 17:02:00	40.7717	-73.9827
4/2/2014 17:03:00	40.7774	-74.0136
4/2/2014 17:04:00	40.7776	-73.9552
4/2/2014 17:04:00	40.758	-73.9701
4/2/2014 17:05:00	40.6834	-73.7565
4/2/2014 17:05:00	40.7596	-73.9758
4/2/2014 17:05:00	40.7514	-73.9777
4/2/2014 17:05:00	40.7498	-74.0034
4/2/2014 17:05:00	40.7549	-73.9922
4/2/2014 17:06:00	40.748	-74.0071
4/2/2014 17:06:00	40.7341	-73.9931
4/2/2014 17:07:00	40.7646	-73.9736
4/2/2014 17:07:00	40.7433	-73.9935
4/2/2014 17:07:00	40.7745	-73.9822
4/2/2014 17:08:00	40.7367	-73.997
4/2/2014 17:09:00	40.7143	-74.0153
4/2/2014 17:11:00	40.7538	-73.9857
4/2/2014 17:11:00	40.7538	-73.9857
4/2/2014 17:12:00	40.7277	-74.0072
4/2/2014 17:12:00	40.7229	-73.9982
4/2/2014 17:13:00	40.7629	-73.9775
4/2/2014 17:13:00	40.7557	-73.9832
4/2/2014 17:14:00	40.7609	-73.9828
4/2/2014 17:14:00	40.7513	-74.0063
4/2/2014 17:14:00	40.7613	-73.962
4/2/2014 17:15:00	40.7353	-74.0008
4/2/2014 17:15:00	40.755	-73.9759
4/2/2014 17:15:00	40.7656	-73.9811
4/2/2014 17:16:00	40.7299	-74.0083
4/2/2014 17:16:00	40.7237	-73.9938
4/2/2014 17:16:00	40.7356	-73.9915
4/2/2014 17:16:00	40.7613	-73.9841
4/2/2014 17:17:00	40.7594	-73.9701
4/2/2014 17:17:00	40.7881	-73.9674
4/2/2014 17:18:00	40.7617	-73.9839
4/2/2014 17:18:00	40.7587	-73.9727
4/2/2014 17:18:00	40.7388	-73.9919
4/2/2014 17:19:00	40.7525	-73.975
4/2/2014 17:19:00	40.7666	-73.9692
4/2/2014 17:20:00	40.7614	-73.973
4/2/2014 17:20:00	40.7554	-73.9754
4/2/2014 17:21:00	40.7546	-73.9817
4/2/2014 17:23:00	40.7646	-73.9702
4/2/2014 17:23:00	40.7189	-74.0344
4/2/2014 17:23:00	40.7189	-74.0344
4/2/2014 17:23:00	40.7473	-73.9854
4/2/2014 17:23:00	40.7444	-73.9836
4/2/2014 17:23:00	40.6517	-73.8813
4/2/2014 17:23:00	40.7195	-74.0042
4/2/2014 17:24:00	40.7619	-73.9711
4/2/2014 17:24:00	40.7456	-73.9946
4/2/2014 17:24:00	40.707	-74.0133
4/2/2014 17:24:00	40.75	-73.9824
4/2/2014 17:26:00	40.7419	-74.0076
4/2/2014 17:27:00	40.7584	-73.9815
4/2/2014 17:27:00	40.7438	-74.0062
4/2/2014 17:28:00	40.718	-74.0009
4/2/2014 17:28:00	40.744	-73.9835
4/2/2014 17:29:00	40.7537	-73.9948
4/2/2014 17:30:00	40.7166	-74.0134
4/2/2014 17:31:00	40.7498	-73.9898
4/2/2014 17:31:00	40.7421	-73.9909
4/2/2014 17:33:00	40.7424	-74.0062
4/2/2014 17:33:00	40.7554	-73.9744
4/2/2014 17:34:00	40.753	-73.9738
4/2/2014 17:34:00	40.7371	-74.029
4/2/2014 17:35:00	40.7357	-73.994
4/2/2014 17:35:00	40.7788	-73.9603
4/2/2014 17:36:00	40.7713	-73.9502
4/2/2014 17:37:00	40.7195	-74.0084
4/2/2014 17:38:00	40.7261	-73.9918
4/2/2014 17:38:00	40.7257	-74.0048
4/2/2014 17:38:00	40.7537	-73.9991
4/2/2014 17:39:00	40.7602	-73.9711
4/2/2014 17:39:00	40.7842	-73.9568
4/2/2014 17:39:00	40.7518	-73.9808
4/2/2014 17:40:00	40.7644	-73.9707
4/2/2014 17:40:00	40.7517	-73.976
4/2/2014 17:40:00	40.9188	-74.088
4/2/2014 17:41:00	40.7841	-73.9545
4/2/2014 17:41:00	40.7841	-73.9545
4/2/2014 17:41:00	40.7586	-73.9749
4/2/2014 17:42:00	40.7564	-73.9926
4/2/2014 17:42:00	40.7648	-73.9744
4/2/2014 17:42:00	40.727	-74.0319
4/2/2014 17:42:00	40.727	-74.0319
4/2/2014 17:42:00	40.758	-73.993
4/2/2014 17:43:00	40.7226	-73.9923
4/2/2014 17:43:00	40.7276	-74.0345
4/2/2014 17:43:00	40.7563	-73.9788
4/2/2014 17:43:00	40.7623	-73.9715
4/2/2014 17:44:00	40.756	-73.9725
4/2/2014 17:44:00	40.7745	-73.9638
4/2/2014 17:45:00	40.7356	-73.9915
4/2/2014 17:45:00	40.7313	-73.9911
4/2/2014 17:45:00	40.7542	-73.9922
4/2/2014 17:45:00	40.7562	-73.9716
4/2/2014 17:48:00	40.7676	-73.9806
4/2/2014 17:48:00	40.7507	-73.9739
4/2/2014 17:49:00	40.745	-73.9919
4/2/2014 17:50:00	40.7564	-73.9785
4/2/2014 17:50:00	40.7504	-73.9732
4/2/2014 17:51:00	40.7247	-73.9988
4/2/2014 17:51:00	40.7538	-73.9818
4/2/2014 17:51:00	40.7153	-74.0077
4/2/2014 17:51:00	40.7638	-73.972
4/2/2014 17:53:00	40.7216	-74.011
4/2/2014 17:53:00	40.764	-73.9784
4/2/2014 17:53:00	40.7563	-73.9854
4/2/2014 17:54:00	40.753	-73.9792
4/2/2014 17:54:00	40.7516	-73.9937
4/2/2014 17:54:00	40.7251	-73.9981
4/2/2014 17:54:00	40.7432	-73.9876
4/2/2014 17:55:00	40.7402	-74.0018
4/2/2014 17:55:00	40.7414	-73.9847
4/2/2014 17:55:00	40.7008	-73.926
4/2/2014 17:56:00	40.7638	-73.9734
4/2/2014 17:56:00	40.7496	-73.9918
4/2/2014 17:56:00	40.7173	-73.965
4/2/2014 17:56:00	40.7173	-73.965
4/2/2014 17:56:00	40.7614	-73.9682
4/2/2014 17:57:00	40.765	-73.9747
4/2/2014 17:59:00	40.7533	-74.026
4/2/2014 18:00:00	40.7753	-73.9585
4/2/2014 18:00:00	40.7657	-73.9873
4/2/2014 18:01:00	40.755	-73.9864
4/2/2014 18:01:00	40.7404	-74.0081
4/2/2014 18:02:00	40.7255	-74.0358
4/2/2014 18:02:00	40.7255	-74.0358
4/2/2014 18:04:00	40.7605	-73.9602
4/2/2014 18:04:00	40.6328	-73.9581
4/2/2014 18:05:00	40.7584	-73.973
4/2/2014 18:06:00	40.7707	-73.8657
4/2/2014 18:08:00	40.6462	-73.7769
4/2/2014 18:09:00	40.7532	-73.979
4/2/2014 18:10:00	40.7601	-73.975
4/2/2014 18:11:00	40.7246	-74.0018
4/2/2014 18:11:00	40.7394	-73.9974
4/2/2014 18:12:00	40.7694	-73.9596
4/2/2014 18:12:00	40.7604	-73.9796
4/2/2014 18:12:00	40.7523	-73.9754
4/2/2014 18:13:00	40.7248	-73.9985
4/2/2014 18:13:00	40.7475	-74.0019
4/2/2014 18:14:00	40.7596	-73.9682
4/2/2014 18:14:00	40.772	-73.9636
4/2/2014 18:14:00	40.7321	-74.0002
4/2/2014 18:14:00	40.7849	-73.9507
4/2/2014 18:15:00	40.7472	-73.9796
4/2/2014 18:15:00	40.7374	-73.9913
4/2/2014 18:16:00	40.7499	-73.9835
4/2/2014 18:17:00	40.7475	-74.01
4/2/2014 18:19:00	40.7247	-73.9968
4/2/2014 18:20:00	40.7536	-73.9792
4/2/2014 18:20:00	40.7157	-74.0096
4/2/2014 18:21:00	40.7202	-74.0038
4/2/2014 18:23:00	40.762	-73.9828
4/2/2014 18:23:00	40.7551	-73.9692
4/2/2014 18:23:00	40.7582	-73.9601
4/2/2014 18:25:00	40.7218	-74.0043
4/2/2014 18:25:00	40.7877	-73.9809
4/2/2014 18:26:00	40.7578	-73.9894
4/2/2014 18:27:00	40.7262	-73.9994
4/2/2014 18:27:00	40.7983	-73.9235
4/2/2014 18:27:00	40.7818	-73.956
4/2/2014 18:27:00	40.7818	-73.956
4/2/2014 18:27:00	40.749	-73.9845
4/2/2014 18:30:00	40.7198	-74.0004
4/2/2014 18:30:00	40.7112	-74.0061
4/2/2014 18:32:00	40.7553	-73.9838
4/2/2014 18:34:00	40.7214	-73.9975
4/2/2014 18:34:00	40.7233	-73.9974
4/2/2014 18:34:00	40.7233	-73.9974
4/2/2014 18:34:00	40.7173	-74.0093
4/2/2014 18:34:00	40.7776	-73.9786
4/2/2014 18:35:00	40.7585	-73.9702
4/2/2014 18:35:00	40.764	-73.9764
4/2/2014 18:35:00	40.7197	-73.985
4/2/2014 18:36:00	40.7564	-73.9747
4/2/2014 18:37:00	40.778	-73.9842
4/2/2014 18:38:00	40.7516	-73.9873
4/2/2014 18:39:00	40.7206	-74.0019
4/2/2014 18:39:00	40.764	-73.9705
4/2/2014 18:39:00	40.7501	-73.9864
4/2/2014 18:41:00	40.7404	-74.0057
4/2/2014 18:41:00	40.7562	-73.9933
4/2/2014 18:42:00	40.7481	-73.9849
4/2/2014 18:42:00	40.7433	-74.0073
4/2/2014 18:42:00	40.7303	-74.0068
4/2/2014 18:43:00	40.7694	-73.9834
4/2/2014 18:43:00	40.7589	-73.973
4/2/2014 18:44:00	40.7309	-73.9835
4/2/2014 18:44:00	40.721	-73.9582
4/2/2014 18:46:00	40.7388	-74.0027
4/2/2014 18:47:00	40.7322	-74.0078
4/2/2014 18:47:00	40.7554	-73.9711
4/2/2014 18:47:00	40.7575	-73.978
4/2/2014 18:47:00	40.7575	-73.978
4/2/2014 18:48:00	40.7261	-73.9998
4/2/2014 18:49:00	40.6832	-73.9375
4/2/2014 18:50:00	40.7602	-73.9651
4/2/2014 18:51:00	40.7199	-74.0051
4/2/2014 18:52:00	40.7338	-74.0059
4/2/2014 18:52:00	40.7549	-73.9664
4/2/2014 18:53:00	40.6951	-74.1785
4/2/2014 18:53:00	40.714	-74.0143
4/2/2014 18:54:00	40.79	-73.9705
4/2/2014 18:54:00	40.7247	-73.9996
4/2/2014 18:54:00	40.7482	-73.9743
4/2/2014 18:54:00	40.7835	-73.9575
4/2/2014 18:54:00	40.7835	-73.9575
4/2/2014 18:54:00	40.7377	-73.9924
4/2/2014 18:54:00	40.7249	-74.0356
4/2/2014 18:55:00	40.7667	-73.9819
4/2/2014 18:56:00	40.765	-73.9722
4/2/2014 18:56:00	40.7304	-74.0066
4/2/2014 18:56:00	40.7732	-73.8856
4/2/2014 18:57:00	40.7498	-73.9795
4/2/2014 18:58:00	40.7389	-73.9929
4/2/2014 18:58:00	40.728	-74.0073
4/2/2014 18:58:00	40.7578	-73.9619
4/2/2014 19:00:00	40.7629	-73.982
4/2/2014 19:01:00	40.7308	-73.9903
4/2/2014 19:01:00	40.7552	-73.9795
4/2/2014 19:01:00	40.7562	-73.9768
4/2/2014 19:02:00	40.7515	-73.9761
4/2/2014 19:03:00	40.7475	-73.9834
4/2/2014 19:03:00	40.7532	-73.9838
4/2/2014 19:04:00	40.7731	-73.8856
4/2/2014 19:05:00	40.7636	-73.9763
4/2/2014 19:07:00	40.7586	-73.9775
4/2/2014 19:08:00	40.7469	-73.9857
4/2/2014 19:09:00	40.7093	-74.0418
4/2/2014 19:09:00	40.7557	-73.9752
4/2/2014 19:11:00	40.7287	-74.0071
4/2/2014 19:11:00	40.7574	-73.9737
4/2/2014 19:12:00	40.7556	-73.9764
4/2/2014 19:13:00	40.7667	-73.9534
4/2/2014 19:16:00	40.7235	-74.0006
4/2/2014 19:16:00	40.7579	-73.9738
4/2/2014 19:16:00	40.7218	-73.9958
4/2/2014 19:17:00	40.7458	-73.9918
4/2/2014 19:17:00	40.7453	-73.9888
4/2/2014 19:17:00	40.7301	-73.9806
4/2/2014 19:18:00	40.7224	-74.0105
4/2/2014 19:18:00	40.767	-73.9845
4/2/2014 19:20:00	40.7693	-73.9693
4/2/2014 19:20:00	40.7806	-73.9544
4/2/2014 19:20:00	40.7806	-73.9544
4/2/2014 19:21:00	40.7507	-73.9804
4/2/2014 19:24:00	40.7592	-73.9792
4/2/2014 19:25:00	40.7426	-74.0071
4/2/2014 19:25:00	40.7562	-73.9767
4/2/2014 19:25:00	40.7551	-73.971
4/2/2014 19:26:00	40.7808	-73.959
4/2/2014 19:28:00	40.7219	-73.9974
4/2/2014 19:28:00	40.7142	-74.015
4/2/2014 19:28:00	40.7142	-74.015
4/2/2014 19:32:00	40.7191	-74.0103
4/2/2014 19:32:00	40.7258	-73.9847
4/2/2014 19:33:00	40.7231	-74.006
4/2/2014 19:33:00	40.6464	-73.7908
4/2/2014 19:33:00	40.7559	-73.9749
4/2/2014 19:34:00	40.7444	-73.9905
4/2/2014 19:34:00	40.7301	-73.9837
4/2/2014 19:35:00	40.7585	-73.979
4/2/2014 19:36:00	40.705	-74.0161
4/2/2014 19:37:00	40.7411	-73.9907
4/2/2014 19:38:00	40.743	-74.0076
4/2/2014 19:38:00	40.743	-74.0076
4/2/2014 19:39:00	40.7333	-74.0051
4/2/2014 19:39:00	40.6957	-73.9311
4/2/2014 19:40:00	40.7689	-73.9656
4/2/2014 19:41:00	40.7198	-73.9998
4/2/2014 19:44:00	40.7637	-73.9963
4/2/2014 19:44:00	40.6827	-73.9547
4/2/2014 19:46:00	40.7167	-74.0089
4/2/2014 19:46:00	40.753	-73.986
4/2/2014 19:47:00	40.7387	-73.9876
4/2/2014 19:48:00	40.7386	-73.9856
4/2/2014 19:48:00	40.7527	-73.9831
4/2/2014 19:48:00	40.7408	-74.0072
4/2/2014 19:50:00	40.7512	-73.9715
4/2/2014 19:50:00	40.7514	-73.9913
4/2/2014 19:51:00	40.7406	-73.9873
4/2/2014 19:53:00	40.7605	-73.9789
4/2/2014 19:55:00	40.7606	-73.9783
4/2/2014 19:56:00	40.749	-73.9763
4/2/2014 19:56:00	40.7196	-73.9604
4/2/2014 19:57:00	40.7512	-73.9764
4/2/2014 19:57:00	40.7189	-74.034
4/2/2014 19:57:00	40.7189	-74.034
4/2/2014 19:58:00	40.7639	-73.9765
4/2/2014 19:59:00	40.7454	-73.991
4/2/2014 20:00:00	40.7327	-74.0024
4/2/2014 20:01:00	40.7559	-73.9748
4/2/2014 20:02:00	40.7403	-73.9962
4/2/2014 20:02:00	40.7739	-73.8716
4/2/2014 20:02:00	40.7413	-73.9952
4/2/2014 20:05:00	40.7434	-74.0084
4/2/2014 20:06:00	40.765	-73.9878
4/2/2014 20:06:00	40.7605	-73.9935
4/2/2014 20:09:00	40.7631	-73.9782
4/2/2014 20:09:00	40.7161	-74.0124
4/2/2014 20:11:00	40.7619	-73.9852
4/2/2014 20:13:00	40.7059	-74.013
4/2/2014 20:13:00	40.7637	-73.9766
4/2/2014 20:14:00	40.6915	-74.1772
4/2/2014 20:15:00	40.719	-74.0022
4/2/2014 20:16:00	40.7281	-74.0074
4/2/2014 20:18:00	40.5989	-73.9719
4/2/2014 20:19:00	40.7591	-73.9786
4/2/2014 20:20:00	40.7602	-73.9826
4/2/2014 20:20:00	40.7381	-74.0087
4/2/2014 20:22:00	40.7604	-73.9777
4/2/2014 20:23:00	40.7584	-73.9728
4/2/2014 20:24:00	40.7585	-73.9729
4/2/2014 20:24:00	40.7585	-73.9729
4/2/2014 20:25:00	40.6878	-74.0014
4/2/2014 20:27:00	40.6611	-73.9579
4/2/2014 20:27:00	40.7523	-73.9934
4/2/2014 20:28:00	40.7638	-73.9766
4/2/2014 20:29:00	40.749	-73.992
4/2/2014 20:30:00	40.7293	-73.9875
4/2/2014 20:30:00	40.7505	-73.9948
4/2/2014 20:31:00	40.6655	-73.9827
4/2/2014 20:31:00	40.7487	-73.9924
4/2/2014 20:31:00	40.7404	-73.9964
4/2/2014 20:32:00	40.7524	-73.9838
4/2/2014 20:32:00	40.7552	-73.9809
4/2/2014 20:34:00	40.7255	-73.995
4/2/2014 20:34:00	40.7215	-73.9583
4/2/2014 20:34:00	40.7545	-73.9751
4/2/2014 20:34:00	40.7134	-74.015
4/2/2014 20:34:00	40.7134	-74.015
4/2/2014 20:36:00	40.7489	-73.9922
4/2/2014 20:37:00	40.7582	-73.9711
4/2/2014 20:38:00	40.7448	-73.9839
4/2/2014 20:38:00	40.7805	-73.959
4/2/2014 20:38:00	40.7208	-73.9988
4/2/2014 20:38:00	40.7589	-73.9685
4/2/2014 20:39:00	40.7121	-73.9528
4/2/2014 20:40:00	40.7507	-74.0247
4/2/2014 20:40:00	40.7404	-73.9865
4/2/2014 20:42:00	40.7191	-73.9915
4/2/2014 20:42:00	40.7552	-73.9684
4/2/2014 20:42:00	40.7505	-73.9947
4/2/2014 20:42:00	40.7209	-73.9976
4/2/2014 20:43:00	40.7487	-73.9832
4/2/2014 20:43:00	40.7554	-73.9833
4/2/2014 20:44:00	40.8018	-73.969
4/2/2014 20:45:00	40.7494	-73.9927
4/2/2014 20:46:00	40.7551	-73.9726
4/2/2014 20:46:00	40.7301	-73.9911
4/2/2014 20:47:00	40.709	-74.0025
4/2/2014 20:47:00	40.8464	-73.9385
4/2/2014 20:48:00	40.743	-74.0075
4/2/2014 20:49:00	40.7868	-73.9777
4/2/2014 20:50:00	40.7585	-73.9726
4/2/2014 20:50:00	40.8183	-73.9606
4/2/2014 20:51:00	40.7749	-73.9587
4/2/2014 20:53:00	40.7282	-73.9885
4/2/2014 20:53:00	40.7554	-73.9773
4/2/2014 20:53:00	40.7346	-73.9946
4/2/2014 20:54:00	40.7251	-73.9831
4/2/2014 20:55:00	40.7601	-73.9752
4/2/2014 20:55:00	40.7514	-73.9779
4/2/2014 20:56:00	40.7955	-73.972
4/2/2014 20:56:00	40.7509	-73.9942
4/2/2014 20:56:00	40.7637	-73.9658
4/2/2014 20:58:00	40.7591	-73.9809
4/2/2014 20:59:00	40.7511	-73.9942
4/2/2014 21:01:00	40.7532	-73.9789
4/2/2014 21:01:00	40.7394	-74.0016
4/2/2014 21:03:00	40.7385	-73.9918
4/2/2014 21:04:00	40.7341	-74.0062
4/2/2014 21:04:00	40.7054	-74.0095
4/2/2014 21:04:00	40.7054	-74.0095
4/2/2014 21:05:00	40.6931	-73.993
4/2/2014 21:05:00	40.7636	-73.9795
4/2/2014 21:05:00	40.7025	-73.9896
4/2/2014 21:06:00	40.7683	-73.8622
4/2/2014 21:07:00	40.7185	-73.9949
4/2/2014 21:08:00	40.7583	-73.9723
4/2/2014 21:09:00	40.7448	-73.9831
4/2/2014 21:09:00	40.7196	-74.0104
4/2/2014 21:10:00	40.7577	-73.9726
4/2/2014 21:11:00	40.7263	-74.009
4/2/2014 21:11:00	40.7638	-73.9733
4/2/2014 21:11:00	40.7113	-74.0152
4/2/2014 21:13:00	40.7946	-73.9663
4/2/2014 21:14:00	40.7589	-73.9839
4/2/2014 21:14:00	40.7589	-73.9814
4/2/2014 21:16:00	40.7583	-73.8448
4/2/2014 21:17:00	40.7114	-74.0083
4/2/2014 21:17:00	40.7579	-73.9714
4/2/2014 21:17:00	40.675	-73.9813
4/2/2014 21:18:00	40.7099	-73.9624
4/2/2014 21:18:00	40.735	-73.9933
4/2/2014 21:20:00	40.7083	-74.0046
4/2/2014 21:20:00	40.7234	-73.9883
4/2/2014 21:20:00	40.7643	-73.9546
4/2/2014 21:20:00	40.7432	-74.0084
4/2/2014 21:22:00	40.7442	-73.9876
4/2/2014 21:22:00	40.7207	-73.9802
4/2/2014 21:23:00	40.7301	-73.9934
4/2/2014 21:25:00	40.7442	-73.9881
4/2/2014 21:27:00	40.7396	-74.0041
4/2/2014 21:29:00	40.7237	-74.0027
4/2/2014 21:30:00	40.7405	-74.0078
4/2/2014 21:30:00	40.7061	-74.018
4/2/2014 21:30:00	40.7816	-73.9768
4/2/2014 21:31:00	40.7237	-74.0007
4/2/2014 21:31:00	40.7642	-73.9761
4/2/2014 21:33:00	40.7222	-73.9576
4/2/2014 21:33:00	40.7533	-73.9737
4/2/2014 21:33:00	40.777	-73.9778
4/2/2014 21:34:00	40.7158	-73.9647
4/2/2014 21:36:00	40.7189	-73.9947
4/2/2014 21:36:00	40.7295	-74.0051
4/2/2014 21:36:00	40.7512	-73.9715
4/2/2014 21:37:00	40.6893	-73.976
4/2/2014 21:37:00	40.7432	-74.0058
4/2/2014 21:37:00	40.7552	-73.9788
4/2/2014 21:39:00	40.7427	-73.9967
4/2/2014 21:40:00	40.7527	-73.9725
4/2/2014 21:41:00	40.7592	-73.9727
4/2/2014 21:42:00	40.7299	-73.9988
4/2/2014 21:42:00	40.7515	-73.971
4/2/2014 21:43:00	40.75	-73.9918
4/2/2014 21:45:00	40.6796	-73.9609
4/2/2014 21:46:00	40.7804	-73.9816
4/2/2014 21:49:00	40.7312	-73.9858
4/2/2014 21:49:00	40.7249	-74.006
4/2/2014 21:51:00	40.7966	-73.918
4/2/2014 21:52:00	40.7271	-74.035
4/2/2014 21:52:00	40.7172	-73.9553
4/2/2014 21:52:00	40.7448	-73.9916
4/2/2014 21:54:00	40.7346	-74.0096
4/2/2014 21:57:00	40.7365	-74.0058
4/2/2014 21:57:00	40.7709	-73.8658
4/2/2014 21:57:00	40.7595	-73.9874
4/2/2014 21:59:00	40.7132	-74.0043
4/2/2014 22:01:00	40.7168	-73.9591
4/2/2014 22:02:00	40.7333	-74.0052
4/2/2014 22:04:00	40.7657	-73.9679
4/2/2014 22:05:00	40.6493	-73.9438
4/2/2014 22:06:00	40.7241	-74.0113
4/2/2014 22:07:00	40.7175	-74.0013
4/2/2014 22:09:00	40.7557	-73.9858
4/2/2014 22:12:00	40.6486	-73.783
4/2/2014 22:13:00	40.7134	-74.007
4/2/2014 22:14:00	40.758	-73.9792
4/2/2014 22:15:00	40.7742	-73.9491
4/2/2014 22:15:00	40.7639	-73.9771
4/2/2014 22:15:00	40.7617	-73.9809
4/2/2014 22:21:00	40.734	-74.0046
4/2/2014 22:21:00	40.7275	-73.994
4/2/2014 22:23:00	40.763	-73.9763
4/2/2014 22:24:00	40.764	-73.9863
4/2/2014 22:25:00	40.7379	-73.9838
4/2/2014 22:26:00	40.7275	-73.9934
4/2/2014 22:26:00	40.7582	-73.9893
4/2/2014 22:28:00	40.7301	-74.0048
4/2/2014 22:30:00	40.749	-73.9876
4/2/2014 22:32:00	40.713	-74.0104
4/2/2014 22:35:00	40.7239	-73.9911
4/2/2014 22:35:00	40.7743	-73.8729
4/2/2014 22:35:00	40.7215	-74.0011
4/2/2014 22:38:00	40.742	-74.0046
4/2/2014 22:40:00	40.7741	-73.8724
4/2/2014 22:40:00	40.7622	-73.9785
4/2/2014 22:41:00	40.7147	-73.9921
4/2/2014 22:42:00	40.6449	-73.7822
4/2/2014 22:45:00	40.7619	-73.9786
4/2/2014 22:47:00	40.7592	-73.9724
4/2/2014 22:47:00	40.7596	-73.9786
4/2/2014 22:49:00	40.759	-73.9625
4/2/2014 22:51:00	40.7267	-73.9961
4/2/2014 22:53:00	40.7271	-74.0347
4/2/2014 22:56:00	40.7203	-74.0101
4/2/2014 22:57:00	40.732	-73.9853
4/2/2014 22:58:00	40.7553	-73.9707
4/2/2014 22:58:00	40.7915	-73.9533
4/2/2014 22:59:00	40.7471	-74.0013
4/2/2014 22:59:00	40.7461	-73.9829
4/2/2014 22:59:00	40.7461	-73.9829
4/2/2014 23:02:00	40.7189	-74.0342
4/2/2014 23:08:00	40.7248	-73.9921
4/2/2014 23:10:00	40.7246	-73.982
4/2/2014 23:12:00	40.7596	-73.9854
4/2/2014 23:14:00	40.7245	-73.9976
4/2/2014 23:15:00	40.7282	-73.9994
4/2/2014 23:18:00	40.7083	-74.0102
4/2/2014 23:22:00	40.7445	-73.9884
4/2/2014 23:24:00	40.7739	-73.8716
4/2/2014 23:32:00	40.8037	-73.9914
4/2/2014 23:32:00	40.7419	-74.0035
4/2/2014 23:33:00	40.7571	-73.9752
4/2/2014 23:39:00	40.7375	-73.997
4/2/2014 23:39:00	40.7717	-73.9562
4/2/2014 23:40:00	40.7472	-73.9856
4/2/2014 23:40:00	40.7472	-73.9856
4/2/2014 23:44:00	40.766	-73.982
4/2/2014 23:44:00	40.7475	-73.9864
4/2/2014 23:52:00	40.6485	-73.7835
4/2/2014 23:53:00	40.722	-74.0041
